mWeb URL,In_App URL,http Status
https://pages.ebay.com.au/Buyer_coupons/promotional_offers/index.html/,https://pages.ebay.com.au/Buyer_coupons/promotional_offers/index_app.html,200
https://pages.ebay.de/gutscheine_app/all/index.html/,https://pages.ebay.de/gutscheine_app/all/index_app.html,200
https://pages.ebay.com.au/Buyer_coupons/promotional_offers/index.html/,https://pages.ebay.com.au/Buyer_coupons/promotional_offers/index_app.html,200
https://pages.ebay.com.au/Buyer_coupons/promotional_offers/index.html/,https://pages.ebay.com.au/Buyer_coupons/promotional_offers/index_app.html,200
https://pages.ebay.fr/vouchers/app/index.html//,https://pages.ebay.fr/vouchers/app/index_app.html/,200
https://pages.ebay.com.au/Buyer_coupons/promotional_offers/index.html/,https://pages.ebay.com.au/Buyer_coupons/promotional_offers/index_app.html,200
https://pages.ebay.de/gutscheine/all/index.html/,https://pages.ebay.de/gutscheine/all/index_app.html,200
https://pages.ebay.com/promo/2019/0502/REAENG.html/,https://pages.ebay.com/promo/2019/0502/REAENG_app.html,200
https://pages.ebay.it/buono_sconto/index.html/,https://pages.ebay.it/buono_sconto/index_app.html,200
https://pages.ebay.com/promo/2020/0101/U520ESOCIAL.html/,https://pages.ebay.com/promo/2020/0101/U520ESOCIAL_app.html,200
https://pages.ebay.it/buono_sconto/index.html/,https://pages.ebay.it/buono_sconto/index_app.html,200
https://pages.ebay.de/gutscheine/all/index.html/,https://pages.ebay.de/gutscheine/all/index_app.html,200
https://pages.ebay.es/vouchers/REAC/index.html/,https://pages.ebay.es/vouchers/REAC/index_app.html,200
https://pages.ebay.com.au/Buyer_coupons/promotional_offers/index.html/,https://pages.ebay.com.au/Buyer_coupons/promotional_offers/index_app.html,200
https://pages.ebay.fr/vouchers/REAC/index.html/,https://pages.ebay.fr/vouchers/REAC/index_app.html,200
https://pages.ebay.com/coupon/CPNN1/index.html/,https://pages.ebay.com/coupon/CPNN1/index_app.html,200
https://pages.ebay.es/vouchers/REAC/index.html/,https://pages.ebay.es/vouchers/REAC/index_app.html,200
https://pages.ebay.it/buono_sconto/index.html/,https://pages.ebay.it/buono_sconto/index_app.html,200
https://pages.ebay.de/gutscheine/all/index.html/,https://pages.ebay.de/gutscheine/all/index_app.html,200
https://pages.ebay.co.uk/coupons/2020/ER568/index.html/,https://pages.ebay.co.uk/coupons/2020/ER568/index_app.html,200
https://pages.ebay.de/gutscheine/all/index.html/,https://pages.ebay.de/gutscheine/all/index_app.html,200
https://pages.cafr.ebay.ca/coupon/generic/app.html/,https://pages.cafr.ebay.ca/coupon/generic/app_app.html,404
https://pages.ebay.com/promo/2020/0330/REAENG.html/,https://pages.ebay.com/promo/2020/0330/REAENG_app.html,200
https://pages.ebay.es/vouchers/REAC/index.html/,https://pages.ebay.es/vouchers/REAC/index_app.html,200
https://pages.ebay.com/coupon/CPNN1/index.html/,https://pages.ebay.com/coupon/CPNN1/index_app.html,200
https://pages.ebay.com/promo/2020/1010/U5GCX2020.html/,https://pages.ebay.com/promo/2020/1010/U5GCX2020_app.html,200
https://pages.ebay.co.uk/vouchers/REAC/index.html/,https://pages.ebay.co.uk/vouchers/REAC/index_app.html,404
https://pages.ebay.de/gutscheine/all/index.html/,https://pages.ebay.de/gutscheine/all/index_app.html,200
https://pages.ebay.co.uk/vouchers/REAC/index.html/,https://pages.ebay.co.uk/vouchers/REAC/index_app.html,404
https://pages.ebay.com/coupon/CPNN1/index.html/,https://pages.ebay.com/coupon/CPNN1/index_app.html,200
https://pages.ebay.co.uk/vouchers/REAC/index.html/,https://pages.ebay.co.uk/vouchers/REAC/index_app.html,404
https://pages.ebay.de/gutscheine/all/index.html/,https://pages.ebay.de/gutscheine/all/index_app.html,200
https://pages.ebay.com.au/Buyer_coupons/promotional_offers/index.html/,https://pages.ebay.com.au/Buyer_coupons/promotional_offers/index_app.html,200
https://pages.ebay.de/gutscheine/all/index.html/,https://pages.ebay.de/gutscheine/all/index_app.html,200
https://pages.ebay.it/buono_sconto/index.html/,https://pages.ebay.it/buono_sconto/index_app.html,200
https://pages.ebay.com.au/Buyer_coupons/promotional_offers/index.html/,https://pages.ebay.com.au/Buyer_coupons/promotional_offers/index_app.html,200
https://pages.ebay.com/promo/2020/0330/REAENG.html/,https://pages.ebay.com/promo/2020/0330/REAENG_app.html,200
https://pages.ebay.com/coupon/CPNN1/index.html/,https://pages.ebay.com/coupon/CPNN1/index_app.html,200
https://pages.ebay.co.uk/vouchers/REAC/index.html/,https://pages.ebay.co.uk/vouchers/REAC/index_app.html,404
https://pages.ebay.com/coupon/CPNN1/index.html/,https://pages.ebay.com/coupon/CPNN1/index_app.html,200
https://pages.ebay.com/coupon/CPNN1/index.html/,https://pages.ebay.com/coupon/CPNN1/index_app.html,200
https://pages.ebay.fr/vouchers/REAC/index.html/,https://pages.ebay.fr/vouchers/REAC/index_app.html,200
https://pages.ebay.com/promo/2020/0101/U1020ESOCIAL.html/,https://pages.ebay.com/promo/2020/0101/U1020ESOCIAL_app.html,200
https://pages.ebay.de/gutscheine/all/index.html/,https://pages.ebay.de/gutscheine/all/index_app.html,200
https://pages.ebay.com/promo/2019/0724/M5E3RU.html/,https://pages.ebay.com/promo/2019/0724/M5E3RU_app.html,200
https://pages.ebay.com.au/Buyer_coupons/promotional_offers/index.html/,https://pages.ebay.com.au/Buyer_coupons/promotional_offers/index_app.html,200
https://pages.ebay.com/promo/2020/0101/U120ESOCIAL.html/,https://pages.ebay.com/promo/2020/0101/U120ESOCIAL_app.html,200
https://pages.ebay.de/gutscheine/all/index.html/,https://pages.ebay.de/gutscheine/all/index_app.html,200
https://pages.ebay.com/coupon/CPNN1/index.html/,https://pages.ebay.com/coupon/CPNN1/index_app.html,200
https://pages.ebay.de/gutscheine/all/index.html/,https://pages.ebay.de/gutscheine/all/index_app.html,200
https://pages.ebay.com/coupon/CPNN1/index.html/,https://pages.ebay.com/coupon/CPNN1/index_app.html,200
https://pages.ebay.fr/vouchers/REAC/index.html/,https://pages.ebay.fr/vouchers/REAC/index_app.html,200
https://pages.ebay.com/promo/2019/0604/MBBRU.html/,https://pages.ebay.com/promo/2019/0604/MBBRU_app.html,200
https://pages.ebay.co.uk/vouchers/REAC/index.html/,https://pages.ebay.co.uk/vouchers/REAC/index_app.html,404
https://pages.ebay.com/coupon/CPNN1/index.html/,https://pages.ebay.com/coupon/CPNN1/index_app.html,200
https://pages.ebay.com/promo/2019/0724/M5E3ENG.html/,https://pages.ebay.com/promo/2019/0724/M5E3ENG_app.html,200
https://pages.ebay.fr/vouchers/REAC/index.html/,https://pages.ebay.fr/vouchers/REAC/index_app.html,200
https://pages.ebay.com/coupon/CPNN1/index.html/,https://pages.ebay.com/coupon/CPNN1/index_app.html,200
https://pages.ebay.es/vouchers/REAC/index.html/,https://pages.ebay.es/vouchers/REAC/index_app.html,200
https://pages.ebay.it/buono_sconto/index.html/,https://pages.ebay.it/buono_sconto/index_app.html,200
https://pages.ebay.co.uk/vouchers/REAC/index.html/,https://pages.ebay.co.uk/vouchers/REAC/index_app.html,404
https://pages.ebay.com/promo/2020/0101/U320ESOCIAL.html/,https://pages.ebay.com/promo/2020/0101/U320ESOCIAL_app.html,200
https://pages.ebay.co.uk/coupons/2020/M2617/index.html/,https://pages.ebay.co.uk/coupons/2020/M2617/index_app.html,200
https://pages.ebay.de/gutscheine/all/index.html/,https://pages.ebay.de/gutscheine/all/index_app.html,200
https://pages.ebay.com/promo/2019/0922/REAENG.html/,https://pages.ebay.com/promo/2019/0922/REAENG_app.html,200
https://pages.ebay.es/vouchers/REAC/index.html/,https://pages.ebay.es/vouchers/REAC/index_app.html,200
https://pages.ebay.it/buono_sconto/index.html/,https://pages.ebay.it/buono_sconto/index_app.html,200
https://pages.ebay.it/buono_sconto/index.html/,https://pages.ebay.it/buono_sconto/index_app.html,200
https://pages.ebay.es/vouchers/REAC/index.html/,https://pages.ebay.es/vouchers/REAC/index_app.html,200
https://pages.ebay.com.au/Buyer_coupons/promotional_offers/index.html/,https://pages.ebay.com.au/Buyer_coupons/promotional_offers/index_app.html,200
https://pages.ebay.es/vouchers/REAC/index.html/,https://pages.ebay.es/vouchers/REAC/index_app.html,200
https://pages.ebay.fr/vouchers/REAC/index.html/,https://pages.ebay.fr/vouchers/REAC/index_app.html,200
https://pages.ebay.com/coupon_app/CPNN1/index.html/,https://pages.ebay.com/coupon_app/CPNN1/index_app.html,200
https://pages.ebay.de/gutscheine/all/index.html/,https://pages.ebay.de/gutscheine/all/index_app.html,200
https://pages.ebay.fr/promos/2020/15508/bonus_S2B.html/,https://pages.ebay.fr/promos/2020/15508/bonus_S2B_app.html,200
https://pages.ebay.fr/vouchers/REAC/index.html/,https://pages.ebay.fr/vouchers/REAC/index_app.html,200
https://pages.ebay.com/coupon/CPNN1/index.html/,https://pages.ebay.com/coupon/CPNN1/index_app.html,200
https://pages.ebay.it/buono_sconto/index.html/,https://pages.ebay.it/buono_sconto/index_app.html,200
https://pages.ebay.it/buono_sconto/index.html/,https://pages.ebay.it/buono_sconto/index_app.html,200
https://pages.ebay.de/gutscheine/all/index.html/,https://pages.ebay.de/gutscheine/all/index_app.html,200
https://pages.ebay.it/promos/2020/private/16591/S2B_bonus_may.html/,https://pages.ebay.it/promos/2020/private/16591/S2B_bonus_may_app.html,200
https://pages.ebay.es/promos/2020/16575/bonus_01052020.html/,https://pages.ebay.es/promos/2020/16575/bonus_01052020_app.html,200
https://pages.ebay.it/buono_sconto/index.html/,https://pages.ebay.it/buono_sconto/index_app.html,200
https://pages.ebay.co.uk/vouchers/REAC/index.html/,https://pages.ebay.co.uk/vouchers/REAC/index_app.html,404
https://pages.ebay.co.uk/vouchers/REAC/index.html/,https://pages.ebay.co.uk/vouchers/REAC/index_app.html,404
https://pages.ebay.de/gutscheine/all/index.html/,https://pages.ebay.de/gutscheine/all/index_app.html,200
https://pages.ebay.com/coupon/CPNN1/index.html/,https://pages.ebay.com/coupon/CPNN1/index_app.html,200
https://pages.ebay.it/buono_sconto/index.html/,https://pages.ebay.it/buono_sconto/index_app.html,200
https://pages.ebay.com/coupon/CPNN1/index.html/,https://pages.ebay.com/coupon/CPNN1/index_app.html,200
https://pages.ebay.co.uk/coupons_app/CM/index.html/,https://pages.ebay.co.uk/coupons_app/CM/index_app.html,200
https://pages.ebay.ca/coupon/generic/app.html/,https://pages.ebay.ca/coupon/generic/app_app.html,404
https://pages.ebay.com.au/Buyer_coupons/promotional_offers/index.html/,https://pages.ebay.com.au/Buyer_coupons/promotional_offers/index_app.html,200
https://pages.ebay.com/coupon/CPNN1/index.html/,https://pages.ebay.com/coupon/CPNN1/index_app.html,200
https://pages.ebay.com/promo/2020/0330/REARU.html/,https://pages.ebay.com/promo/2020/0330/REARU_app.html,200
https://pages.ebay.com/coupon/CPNN1/index.html/,https://pages.ebay.com/coupon/CPNN1/index_app.html,200
https://pages.ebay.co.uk/vouchers/REAC/index.html/,https://pages.ebay.co.uk/vouchers/REAC/index_app.html,404
https://pages.ebay.com/coupon/CPNN1/index.html/,https://pages.ebay.com/coupon/CPNN1/index_app.html,200
https://pages.ebay.co.uk/vouchers/REAC/index.html/,https://pages.ebay.co.uk/vouchers/REAC/index_app.html,404
https://pages.ebay.it/buono_sconto/index.html/,https://pages.ebay.it/buono_sconto/index_app.html,200
https://pages.ebay.co.uk/vouchers/REAC/index.html/,https://pages.ebay.co.uk/vouchers/REAC/index_app.html,404
https://pages.ebay.co.uk/vouchers/REAC/index.html/,https://pages.ebay.co.uk/vouchers/REAC/index_app.html,404
https://pages.ebay.com/promo/2019/0502/REAPT.html/,https://pages.ebay.com/promo/2019/0502/REAPT_app.html,200
https://pages.ebay.es/vouchers/REAC/index.html/,https://pages.ebay.es/vouchers/REAC/index_app.html,200
https://pages.ebay.com.au/Buyer_coupons/promotional_offers/index.html/,https://pages.ebay.com.au/Buyer_coupons/promotional_offers/index_app.html,200
https://pages.ebay.com.au/Buyer_coupons/promotional_offers/index.html/,https://pages.ebay.com.au/Buyer_coupons/promotional_offers/index_app.html,200
https://pages.ebay.de/gutscheine/all/index.html/,https://pages.ebay.de/gutscheine/all/index_app.html,200
https://pages.ebay.de/gutscheine/all/index.html/,https://pages.ebay.de/gutscheine/all/index_app.html,200
https://pages.ebay.co.uk/coupons/2020/M9283/index.html/,https://pages.ebay.co.uk/coupons/2020/M9283/index_app.html,200
https://pages.ebay.de/gutscheine/all/index.html/,https://pages.ebay.de/gutscheine/all/index_app.html,200
https://pages.ebay.co.uk/coupons/2019/JRSOE6/index.html/,https://pages.ebay.co.uk/coupons/2019/JRSOE6/index_app.html,200
https://pages.ebay.es/vouchers/REAC/index.html/,https://pages.ebay.es/vouchers/REAC/index_app.html,200
https://pages.ebay.com/coupon/CPNN1/index.html/,https://pages.ebay.com/coupon/CPNN1/index_app.html,200
https://pages.ebay.com/coupon/CPNN1/index.html/,https://pages.ebay.com/coupon/CPNN1/index_app.html,200
https://pages.ebay.de/gutscheine/all/index.html/,https://pages.ebay.de/gutscheine/all/index_app.html,200
https://pages.ebay.com/promo/2019/0922/REARU.html/,https://pages.ebay.com/promo/2019/0922/REARU_app.html,200
https://pages.ebay.it/promos/2020/private/16589/S2B_may1.html/,https://pages.ebay.it/promos/2020/private/16589/S2B_may1_app.html,200
https://pages.ebay.de/gutscheine/all/index.html/,https://pages.ebay.de/gutscheine/all/index_app.html,200
https://pages.ebay.fr/vouchers/REAC/index.html/,https://pages.ebay.fr/vouchers/REAC/index_app.html,200
https://pages.ebay.de/gutscheine/all/index.html/,https://pages.ebay.de/gutscheine/all/index_app.html,200
https://pages.ebay.de/gutscheine/all/index.html/,https://pages.ebay.de/gutscheine/all/index_app.html,200
https://pages.ebay.fr/vouchers/REAC/index.html/,https://pages.ebay.fr/vouchers/REAC/index_app.html,200
https://pages.ebay.co.uk/vouchers/REAC/index.html/,https://pages.ebay.co.uk/vouchers/REAC/index_app.html,404
https://pages.ebay.fr/vouchers/REAC/index.html/,https://pages.ebay.fr/vouchers/REAC/index_app.html,200
https://pages.ebay.it/buono_sconto/index.html/,https://pages.ebay.it/buono_sconto/index_app.html,200
https://pages.ebay.de/gutscheine/all/index.html/,https://pages.ebay.de/gutscheine/all/index_app.html,200
https://pages.ebay.fr/vouchers/REAC/index.html/,https://pages.ebay.fr/vouchers/REAC/index_app.html,200
https://pages.ebay.com/coupon/CPNN1/index.html/,https://pages.ebay.com/coupon/CPNN1/index_app.html,200
https://pages.ebay.fr/vouchers/REAC/index.html/,https://pages.ebay.fr/vouchers/REAC/index_app.html,200
https://pages.ebay.com/coupon/CPNN1/index.html/,https://pages.ebay.com/coupon/CPNN1/index_app.html,200
https://pages.ebay.de/gutscheine/all/index.html/,https://pages.ebay.de/gutscheine/all/index_app.html,200
https://pages.ebay.com.au/Buyer_coupons/promotional_offers/index.html/,https://pages.ebay.com.au/Buyer_coupons/promotional_offers/index_app.html,200
https://pages.ebay.it/buono_sconto/index.html/,https://pages.ebay.it/buono_sconto/index_app.html,200
https://pages.ebay.com/promo/2020/0521/sneakerscpn.html/,https://pages.ebay.com/promo/2020/0521/sneakerscpn_app.html,200
https://pages.ebay.com.au/Buyer_coupons/promotional_offers/index.html/,https://pages.ebay.com.au/Buyer_coupons/promotional_offers/index_app.html,200
https://pages.ebay.com.au/Buyer_coupons/promotional_offers/index.html/,https://pages.ebay.com.au/Buyer_coupons/promotional_offers/index_app.html,200
https://pages.ebay.com.au/Buyer_coupons/promotional_offers/index.html/,https://pages.ebay.com.au/Buyer_coupons/promotional_offers/index_app.html,200
https://pages.ebay.es/vouchers/REAC/index.html/,https://pages.ebay.es/vouchers/REAC/index_app.html,200
https://pages.ebay.com/coupon/CPNN1/index.html/,https://pages.ebay.com/coupon/CPNN1/index_app.html,200
https://pages.ebay.es/vouchers/REAC/index.html/,https://pages.ebay.es/vouchers/REAC/index_app.html,200
https://pages.ebay.fr/vouchers/REAC/index.html/,https://pages.ebay.fr/vouchers/REAC/index_app.html,200
https://pages.ebay.co.uk/vouchers/REAC/index.html/,https://pages.ebay.co.uk/vouchers/REAC/index_app.html,404
https://pages.ebay.fr/vouchers/REAC/index.html/,https://pages.ebay.fr/vouchers/REAC/index_app.html,200
https://pages.ebay.de/gutscheine/all/index.html/,https://pages.ebay.de/gutscheine/all/index_app.html,200
https://pages.ebay.it/buono_sconto/index.html/,https://pages.ebay.it/buono_sconto/index_app.html,200
https://pages.ebay.de/gutscheine/all/index.html/,https://pages.ebay.de/gutscheine/all/index_app.html,200
https://pages.ebay.com/coupon/CPNN1/index.html/,https://pages.ebay.com/coupon/CPNN1/index_app.html,200
https://pages.ebay.com/promo/2020/0521/sneakerscpnr.html/,https://pages.ebay.com/promo/2020/0521/sneakerscpnr_app.html,200
https://pages.ebay.es/vouchers/REAC/index.html/,https://pages.ebay.es/vouchers/REAC/index_app.html,200
https://pages.ebay.com/promo/2019/0502/REARU.html/,https://pages.ebay.com/promo/2019/0502/REARU_app.html,200
https://pages.ebay.com/coupon/CPNN1/index.html/,https://pages.ebay.com/coupon/CPNN1/index_app.html,200
https://pages.ebay.it/buono_sconto/index.html/,https://pages.ebay.it/buono_sconto/index_app.html,200
https://pages.ebay.com.au/Buyer_coupons/promotional_offers/index.html/,https://pages.ebay.com.au/Buyer_coupons/promotional_offers/index_app.html,200
https://pages.ebay.it/buono_sconto/index.html/,https://pages.ebay.it/buono_sconto/index_app.html,200
https://pages.ebay.de/gutscheine/all/index.html/,https://pages.ebay.de/gutscheine/all/index_app.html,200
https://pages.ebay.es/vouchers/REAC/index.html/,https://pages.ebay.es/vouchers/REAC/index_app.html,200
https://pages.ebay.com/coupon/CPNN1/index.html/,https://pages.ebay.com/coupon/CPNN1/index_app.html,200
https://pages.ebay.es/promos/2020/17109/private/S2B_jun.html/,https://pages.ebay.es/promos/2020/17109/private/S2B_jun_app.html,200
https://pages.ebay.co.uk/vouchers/REAC/index.html/,https://pages.ebay.co.uk/vouchers/REAC/index_app.html,404
https://pages.ebay.fr/promos/2020/16580/private/S2B_may.html/,https://pages.ebay.fr/promos/2020/16580/private/S2B_may_app.html,200
https://pages.ebay.de/gutscheine/all/index.html/,https://pages.ebay.de/gutscheine/all/index_app.html,200
https://pages.ebay.de/gutscheine/all/index.html/,https://pages.ebay.de/gutscheine/all/index_app.html,200
https://pages.ebay.de/gutscheine/all/index.html/,https://pages.ebay.de/gutscheine/all/index_app.html,200
https://pages.ebay.com/promo/2019/0922/REAENG.html/,https://pages.ebay.com/promo/2019/0922/REAENG_app.html,200
https://pages.ebay.co.uk/vouchers/REAC/index.html/,https://pages.ebay.co.uk/vouchers/REAC/index_app.html,404
https://pages.ebay.de/gutscheine/all/index.html/,https://pages.ebay.de/gutscheine/all/index_app.html,200
https://pages.ebay.es/vouchers/REAC/index.html//,https://pages.ebay.es/vouchers/REAC/index_app.html/,200
https://pages.ebay.fr/vouchers/REAC/index.html/,https://pages.ebay.fr/vouchers/REAC/index_app.html,200
https://pages.ebay.com.au/Buyer_coupons/promotional_offers/index.html/,https://pages.ebay.com.au/Buyer_coupons/promotional_offers/index_app.html,200
https://pages.ebay.it/buono_sconto/index.html/,https://pages.ebay.it/buono_sconto/index_app.html,200
https://pages.ebay.de/gutscheine/all/index.html/,https://pages.ebay.de/gutscheine/all/index_app.html,200
https://pages.ebay.it/buono_sconto/index.html/,https://pages.ebay.it/buono_sconto/index_app.html,200
https://pages.ebay.it/buono_sconto/index.html/,https://pages.ebay.it/buono_sconto/index_app.html,200
https://pages.ebay.de/gutscheine/all/index.html/,https://pages.ebay.de/gutscheine/all/index_app.html,200
https://pages.ebay.fr/vouchers/REAC/index.html/,https://pages.ebay.fr/vouchers/REAC/index_app.html,200
https://pages.ebay.de/gutscheine/all/index.html/,https://pages.ebay.de/gutscheine/all/index_app.html,200
https://pages.ebay.fr/promos/2020/15509/bonus_27032020.html/,https://pages.ebay.fr/promos/2020/15509/bonus_27032020_app.html,200
https://pages.ebay.co.uk/vouchers/REAC/index.html/,https://pages.ebay.co.uk/vouchers/REAC/index_app.html,404
https://pages.ebay.com.au/Buyer_coupons/promotional_offers/index.html/,https://pages.ebay.com.au/Buyer_coupons/promotional_offers/index_app.html,200
https://pages.ebay.co.uk/vouchers/REAC/index.html/,https://pages.ebay.co.uk/vouchers/REAC/index_app.html,404
https://pages.ebay.de/gutscheine/all/index.html/,https://pages.ebay.de/gutscheine/all/index_app.html,200
https://pages.ebay.de/gutscheine/all/index.html/,https://pages.ebay.de/gutscheine/all/index_app.html,200
https://pages.ebay.de/gutscheine/all/index.html/,https://pages.ebay.de/gutscheine/all/index_app.html,200
https://pages.ebay.es/vouchers/REAC/index.html/,https://pages.ebay.es/vouchers/REAC/index_app.html,200
https://pages.ebay.com.au/Buyer_coupons/promotional_offers/index.html/,https://pages.ebay.com.au/Buyer_coupons/promotional_offers/index_app.html,200
https://pages.ebay.de/gutscheine/all/index.html/,https://pages.ebay.de/gutscheine/all/index_app.html,200
https://pages.ebay.com/coupon/CPNN1/index.html/,https://pages.ebay.com/coupon/CPNN1/index_app.html,200
https://pages.ebay.it/buono_sconto/index.html/,https://pages.ebay.it/buono_sconto/index_app.html,200
https://pages.ebay.it/buono_sconto/index.html/,https://pages.ebay.it/buono_sconto/index_app.html,200
https://pages.ebay.com.au/Buyer_coupons/promotional_offers/index.html/,https://pages.ebay.com.au/Buyer_coupons/promotional_offers/index_app.html,200
https://pages.ebay.co.uk/coupons/2019/JAEUH/index.html/,https://pages.ebay.co.uk/coupons/2019/JAEUH/index_app.html,200
https://pages.ebay.com/coupon/CPNN1/index.html/,https://pages.ebay.com/coupon/CPNN1/index_app.html,200
https://pages.ebay.fr/vouchers/REAC/index.html/,https://pages.ebay.fr/vouchers/REAC/index_app.html,200
https://pages.ebay.com.au/Buyer_coupons/promotional_offers/index.html/,https://pages.ebay.com.au/Buyer_coupons/promotional_offers/index_app.html,200
https://pages.ebay.es/vouchers/REAC/index.html/,https://pages.ebay.es/vouchers/REAC/index_app.html,200
https://pages.ebay.com.au/Buyer_coupons/promotional_offers/index.html/,https://pages.ebay.com.au/Buyer_coupons/promotional_offers/index_app.html,200
https://pages.ebay.it/buono_sconto/index.html/,https://pages.ebay.it/buono_sconto/index_app.html,200
https://pages.ebay.com.au/Buyer_coupons/promotional_offers/index.html/,https://pages.ebay.com.au/Buyer_coupons/promotional_offers/index_app.html,200
https://pages.ebay.com/coupon/CPNN1/index.html/,https://pages.ebay.com/coupon/CPNN1/index_app.html,200
